regra_id,classificacao,arquivo_origem,chave,motivo,valor_brl
FCT_001,REJEITADO,fact_market_share_provider_a.csv,"{""provider"":""A"",""year_week"":""2025-02"",""store_id"":""S00193"",""ean"":""7891000001035"",""_row_hash"":""af2537969d0303bf1f5859202f86f66a608e93cf546659472219476ca9bc84db""}",cópia 2 do hash af2537969d0303bf,383.38
FCT_001,REJEITADO,fact_market_share_provider_a.csv,"{""provider"":""A"",""year_week"":""2025-02"",""store_id"":""S00740"",""ean"":""7891000000640"",""_row_hash"":""9e9db179aa951532b4a3f6e9f95be6ce9301bae0a082cba2ad02ccafc5006738""}",cópia 2 do hash 9e9db179aa951532,281.82
FCT_001,REJEITADO,fact_market_share_provider_a.csv,"{""provider"":""A"",""year_week"":""2025-02"",""store_id"":""S01634"",""ean"":""7891000000471"",""_row_hash"":""926127d2985e1dacb8162daf16bbbe6f2828033a192e51499f559d15c48a6b9b""}",cópia 2 do hash 926127d2985e1dac,36.19
FCT_001,REJEITADO,fact_market_share_provider_a.csv,"{""provider"":""A"",""year_week"":""2025-03"",""store_id"":""S00753"",""ean"":""7891000000775"",""_row_hash"":""7c54872faa6d512faf86406607243fd919f473c22ff9e2efdc18ced60adb73f2""}",cópia 2 do hash 7c54872faa6d512f,130.0
FCT_001,REJEITADO,fact_market_share_provider_a.csv,"{""provider"":""A"",""year_week"":""2025-03"",""store_id"":""S01670"",""ean"":""7891000000600"",""_row_hash"":""6a2717bc179eb2d9b6ed31e58abd18d9fcb9cd90b787505794ff672125968f0e""}",cópia 2 do hash 6a2717bc179eb2d9,1208.72
FCT_002,QUARENTENA,fact_market_share_provider_a.csv,"{""provider"":""A"",""year_week"":""2025-05"",""store_id"":""S02128"",""ean"":""7891000000314"",""_row_hash"":""70b2b96fed3fe5d48af88c5413db90abb396a3d54e614cc024d7a8b66c2db0ae""}",versões conflitantes; arquivo=provider_a_2025-05.csv,222.24
FCT_002,QUARENTENA,fact_market_share_provider_a.csv,"{""provider"":""A"",""year_week"":""2025-05"",""store_id"":""S02128"",""ean"":""7891000000314"",""_row_hash"":""cbc68d15ad2e4bc26d65e004127785fd4af1e62c8cc7798ea60a324b6d54de62""}",versões conflitantes; arquivo=provider_a_2025-05.csv,774.08
FCT_002,QUARENTENA,fact_market_share_provider_a.csv,"{""provider"":""A"",""year_week"":""2025-20"",""store_id"":""S00009"",""ean"":""7891000000003"",""_row_hash"":""00495176ebf4171931af951d558645f8a319a0c95a9885b8eb5da429293eebdd""}",versões conflitantes; arquivo=provider_a_2025-20.csv,1215.9
FCT_002,QUARENTENA,fact_market_share_provider_a.csv,"{""provider"":""A"",""year_week"":""2025-20"",""store_id"":""S00009"",""ean"":""7891000000003"",""_row_hash"":""07ede567909949647a3e9fa09df7442563ae695584147802589414007ed14d81""}",versões conflitantes; arquivo=provider_a_series_2025-20.csv,448.0
FCT_002,QUARENTENA,fact_market_share_provider_a.csv,"{""provider"":""A"",""year_week"":""2025-27"",""store_id"":""S01818"",""ean"":""7891000000648"",""_row_hash"":""65f203816387ca52a48df06d2f6d7abe5659f3efc1943429a36205e18201f7dd""}",versões conflitantes; arquivo=provider_a_2025-27.csv,1593.32
FCT_003,QUARENTENA,fact_market_share_provider_a.csv,"{""provider"":""A"",""year_week"":""2025-02"",""store_id"":""S00950"",""ean"":""7891000000125"",""_row_hash"":""55429d8368ebf70dcd43ac26e63d69c9b95bf5c2277f90e9c99866ef616e1693""}",mesma semana x loja x EAN informada por A e B,1802.68
FCT_003,QUARENTENA,fact_market_share_provider_a.csv,"{""provider"":""A"",""year_week"":""2025-05"",""store_id"":""S01361"",""ean"":""EAN-00000463"",""_row_hash"":""4cd18f9c86c00bf729131a015e6de805b2597d67494b6a7035e3a81dfcb22fe4""}",mesma semana x loja x EAN informada por A e B,1002.82
FCT_003,QUARENTENA,fact_market_share_provider_a.csv,"{""provider"":""A"",""year_week"":""2025-07"",""store_id"":""S00685"",""ean"":""7891000000543"",""_row_hash"":""5199e3b89b4f4dc084440db268943e53f07d3aea593ecaa93729d786842c8e23""}",mesma semana x loja x EAN informada por A e B,5644.32
FCT_003,QUARENTENA,fact_market_share_provider_a.csv,"{""provider"":""A"",""year_week"":""2025-07"",""store_id"":""S01773"",""ean"":""7891000000354"",""_row_hash"":""43f028dd3b413dd258dfa09bbbb79443776d8ae1ee77b17ed10189458f15a6dc""}",mesma semana x loja x EAN informada por A e B,1068.48
FCT_003,QUARENTENA,fact_market_share_provider_a.csv,"{""provider"":""A"",""year_week"":""2025-13"",""store_id"":""S01352"",""ean"":""7891000000746"",""_row_hash"":""b5f3f01fdcfbead3109765914e759675222b235d29d2d718e2c401230dcc832a""}",mesma semana x loja x EAN informada por A e B,3014.31
FCT_004,QUARENTENA,fact_market_share_provider_a.csv,"{""provider"":""A"",""year_week"":""2025-02"",""store_id"":""UNKNOWN_53"",""ean"":""7891000001186"",""_row_hash"":""112ea4fbcff83ed28b92c92d34af73b1221eb780d4cbd28e1c91053632173dd4""}",loja inexistente na dim_loja: UNKNOWN_53,119.2
FCT_004,QUARENTENA,fact_market_share_provider_a.csv,"{""provider"":""A"",""year_week"":""2025-02"",""store_id"":""UNKNOWN_65"",""ean"":""7891000000230"",""_row_hash"":""c72b97a2f2f6aef523d2b25917d8b3bf578c26bf6f3effeaae5cd96b79094220""}",loja inexistente na dim_loja: UNKNOWN_65,1458.81
FCT_004,QUARENTENA,fact_market_share_provider_a.csv,"{""provider"":""A"",""year_week"":""2025-03"",""store_id"":""UNKNOWN_19"",""ean"":""7891000001073"",""_row_hash"":""371113e2de48358b5bc624c03c79f378d3e9937aa179f87eb9f1541b1f954b48""}",loja inexistente na dim_loja: UNKNOWN_19,1069.47
FCT_004,QUARENTENA,fact_market_share_provider_a.csv,"{""provider"":""A"",""year_week"":""2025-03"",""store_id"":""UNKNOWN_22"",""ean"":""7891000000496"",""_row_hash"":""ea8ad4920c3331d6f1cdac4d0a6d702b042aeeda7212dd8f726e4766ba5bb697""}",loja inexistente na dim_loja: UNKNOWN_22,1553.1
FCT_004,QUARENTENA,fact_market_share_provider_a.csv,"{""provider"":""A"",""year_week"":""2025-03"",""store_id"":""UNKNOWN_27"",""ean"":""7891000000811"",""_row_hash"":""b5d60eb6f9b396afa53dcf25bb3b93d7175cde4e78ca39abcd050a8f3d2e99f1""}",loja inexistente na dim_loja: UNKNOWN_27,365.43
FCT_005,QUARENTENA,fact_market_share_provider_a.csv,"{""provider"":""A"",""year_week"":""2025-02"",""store_id"":""S01224"",""ean"":""9990000029962"",""_row_hash"":""894d6574cec725e0caf4b8ebb38371c021d987c5e89678806fbaebb49d70230b""}",EAN inexistente na dim_produto: 9990000029962,137.55
FCT_005,QUARENTENA,fact_market_share_provider_a.csv,"{""provider"":""A"",""year_week"":""2025-02"",""store_id"":""S02171"",""ean"":""9990000004220"",""_row_hash"":""62ea24723c181ee58e0d48a2c5315a861ea101a7a65ca7469f05410d46b5422a""}",EAN inexistente na dim_produto: 9990000004220,108.94
FCT_005,QUARENTENA,fact_market_share_provider_a.csv,"{""provider"":""A"",""year_week"":""2025-02"",""store_id"":""S02215"",""ean"":""9990000028274"",""_row_hash"":""158e4e0b4b086f75ca20d23c5e42e53413e2d999abb0186b0ee8a81f152ef8e7""}",EAN inexistente na dim_produto: 9990000028274,94.0
FCT_005,QUARENTENA,fact_market_share_provider_a.csv,"{""provider"":""A"",""year_week"":""2025-03"",""store_id"":""S01715"",""ean"":""9990000048108"",""_row_hash"":""4bd22c8b811fccca5731ed6b534f485bbdf226feca1495aee8e69a329656e0fa""}",EAN inexistente na dim_produto: 9990000048108,367.15
FCT_005,QUARENTENA,fact_market_share_provider_a.csv,"{""provider"":""A"",""year_week"":""2025-03"",""store_id"":""S02363"",""ean"":""9990000025320"",""_row_hash"":""e089176e44522bb644ccadca6771b7e376f0ef434caa37581c06cfe3f9269982""}",EAN inexistente na dim_produto: 9990000025320,45.78
FCT_008,QUARENTENA,fact_market_share_provider_a.csv,"{""provider"":""A"",""year_week"":""2025-12"",""store_id"":""S00546"",""ean"":""7891000000188"",""_row_hash"":""bfcc1bc862789e652286eb99905cd6a40d34c1b6eef7479c5688274993671a3c""}",valor negativo sem prova de sinal invertido,-303.24
FCT_008,QUARENTENA,fact_market_share_provider_a.csv,"{""provider"":""A"",""year_week"":""2025-18"",""store_id"":""S01662"",""ean"":""7891000000718"",""_row_hash"":""9c715634316711b95e0a78aab664d83beaf6a96c7b54b3b55d4b2f1a603f90ff""}",valor negativo sem prova de sinal invertido,-1105.52
FCT_008,QUARENTENA,fact_market_share_provider_a.csv,"{""provider"":""A"",""year_week"":""2026-35"",""store_id"":""S01727"",""ean"":""7891000000531"",""_row_hash"":""2311aa6cdb2a26f7cb72f4e74767b8e81d78d61782ad9fa1ccc721f0ff41f21d""}",valor negativo sem prova de sinal invertido,-644.8
FCT_008,QUARENTENA,fact_market_share_provider_b.csv,"{""provider"":""B"",""year_week"":""2025-02"",""store_id"":""S00301"",""ean"":""7891000001048"",""_row_hash"":""0b74b245790264882d326ca567a9933737fd5b2881d491a36a9b75bda44df95b""}",valor negativo sem prova de sinal invertido,-285.52
FCT_008,QUARENTENA,fact_market_share_provider_b.csv,"{""provider"":""B"",""year_week"":""2025-02"",""store_id"":""S00892"",""ean"":""7891000001006"",""_row_hash"":""33a35a327b91e043186713c7961459a36ded7c0d97a75ebb44ca1b13cf7a10e8""}",valor negativo sem prova de sinal invertido,-55.78
FCT_009,QUARENTENA,fact_market_share_provider_a.csv,"{""provider"":""A"",""year_week"":""2026-12"",""store_id"":""S00019"",""ean"":""7891000000001"",""_row_hash"":""b3729659f680ac9d810a0d68f3dca9eb5c746bbd7578b7fb499e8838f4941ca8""}","preço unitário 277.20 fora da faixa LOCAL [3.30, 29.70]",10533.6
FCT_009,QUARENTENA,fact_market_share_provider_a.csv,"{""provider"":""A"",""year_week"":""2026-12"",""store_id"":""S00019"",""ean"":""7891000000002"",""_row_hash"":""d66a83ad20b6b151d1ede704f2a9fdff8123e740fc124ede4aa4f6d42784e0fc""}","preço unitário 368.20 fora da faixa LOCAL [4.38, 39.45]",12150.6
FCT_009,QUARENTENA,fact_market_share_provider_a.csv,"{""provider"":""A"",""year_week"":""2026-12"",""store_id"":""S00019"",""ean"":""7891000000003"",""_row_hash"":""5c995a9cf70a2939e01af68ec7a886a3f09ba000df1abb45306cc85e646cd921""}","preço unitário 459.20 fora da faixa LOCAL [5.47, 49.20]",18827.2
FCT_009,QUARENTENA,fact_market_share_provider_a.csv,"{""provider"":""A"",""year_week"":""2026-13"",""store_id"":""S00019"",""ean"":""7891000000001"",""_row_hash"":""99f6e3418b585cc858c1e36b6ed85d66625caae1ce3dfb2fe21c006452d5cb16""}","preço unitário 277.20 fora da faixa LOCAL [3.30, 29.70]",9147.6
FCT_009,QUARENTENA,fact_market_share_provider_a.csv,"{""provider"":""A"",""year_week"":""2026-13"",""store_id"":""S00019"",""ean"":""7891000000002"",""_row_hash"":""746e7c3e2ae6fcc65704327a61f6e30c52e69acad73e9446820ccdb75a0ace7b""}","preço unitário 368.20 fora da faixa LOCAL [4.38, 39.45]",14728.0
FCT_010,QUARENTENA,fact_market_share_provider_a.csv,"{""provider"":""A"",""year_week"":""2026-05"",""store_id"":""S00013"",""ean"":""7891000000001"",""_row_hash"":""4e8d4dc33be58f53f93685184938962fd6da9b2eaae554bc5f5f4c5d462242c7""}",pico de 40.0x a mediana da série por 1 semana(s),8100.0
FCT_010,QUARENTENA,fact_market_share_provider_a.csv,"{""provider"":""A"",""year_week"":""2026-05"",""store_id"":""S00013"",""ean"":""7891000000002"",""_row_hash"":""5f919a555f6efd0e61901e168f988b5e639d71aef5d09d8d8b72c8046be68efd""}",pico de 45.0x a mediana da série por 1 semana(s),14996.25
FCT_010,QUARENTENA,fact_market_share_provider_a.csv,"{""provider"":""A"",""year_week"":""2026-05"",""store_id"":""S00013"",""ean"":""7891000000003"",""_row_hash"":""da1d29dd87327993fb6a8b82a93449d2af23915425e9785b615246ca43419933""}",pico de 43.6x a mediana da série por 1 semana(s),20160.0
FCT_010,QUARENTENA,fact_market_share_provider_a.csv,"{""provider"":""A"",""year_week"":""2026-05"",""store_id"":""S00017"",""ean"":""7891000000001"",""_row_hash"":""208191483d2ec0c90a4b5ae76e679fe979aca94de7989a1fb5e8a7476e82c9d3""}",pico de 23.5x a mediana da série por 1 semana(s),4050.0
FCT_010,QUARENTENA,fact_market_share_provider_a.csv,"{""provider"":""A"",""year_week"":""2026-05"",""store_id"":""S00017"",""ean"":""7891000000002"",""_row_hash"":""66f82131894944d888305369626b90c1d869dff68a5e8739d6753ee18bb37296""}",pico de 32.2x a mediana da série por 1 semana(s),9352.5
