date,year,month,week,year_week,week_start_date,week_end_date
2025-01-06,2025,1,2,2025-02,2025-01-06,2025-01-12
2025-01-13,2025,1,3,2025-03,2025-01-13,2025-01-19
2025-01-20,2025,1,4,2025-04,2025-01-20,2025-01-26
2025-01-27,2025,1,5,2025-05,2025-01-27,2025-02-02
2025-02-03,2025,2,6,2025-06,2025-02-03,2025-02-09
2025-02-10,2025,2,7,2025-07,2025-02-10,2025-02-16
2025-02-17,2025,2,8,2025-08,2025-02-17,2025-02-23
2025-02-24,2025,2,9,2025-09,2025-02-24,2025-03-02
2025-03-03,2025,3,10,2025-10,2025-03-03,2025-03-09
2025-03-10,2025,3,11,2025-11,2025-03-10,2025-03-16
2025-03-17,2025,3,12,2025-12,2025-03-17,2025-03-23
2025-03-24,2025,3,13,2025-13,2025-03-24,2025-03-30
2025-03-31,2025,3,14,2025-14,2025-03-31,2025-04-06
2025-04-07,2025,4,15,2025-15,2025-04-07,2025-04-13
2025-04-14,2025,4,16,2025-16,2025-04-14,2025-04-20
2025-04-21,2025,4,17,2025-17,2025-04-21,2025-04-27
2025-04-28,2025,4,18,2025-18,2025-04-28,2025-05-04
2025-05-05,2025,5,19,2025-19,2025-05-05,2025-05-11
2025-05-12,2025,5,20,2025-20,2025-05-12,2025-05-18
2025-05-19,2025,5,21,2025-21,2025-05-19,2025-05-25
2025-05-26,2025,5,22,2025-22,2025-05-26,2025-06-01
2025-06-02,2025,6,23,2025-23,2025-06-02,2025-06-08
2025-06-09,2025,6,24,2025-24,2025-06-09,2025-06-15
2025-06-16,2025,6,25,2025-25,2025-06-16,2025-06-22
2025-06-23,2025,6,26,2025-26,2025-06-23,2025-06-29
2025-06-30,2025,6,27,2025-27,2025-06-30,2025-07-06
2025-07-07,2025,7,28,2025-28,2025-07-07,2025-07-13
2025-07-14,2025,7,29,2025-29,2025-07-14,2025-07-20
2025-07-21,2025,7,30,2025-30,2025-07-21,2025-07-27
2025-07-28,2025,7,31,2025-31,2025-07-28,2025-08-03
2025-08-04,2025,8,32,2025-32,2025-08-04,2025-08-10
2025-08-11,2025,8,33,2025-33,2025-08-11,2025-08-17
2025-08-18,2025,8,34,2025-34,2025-08-18,2025-08-24
2025-08-25,2025,8,35,2025-35,2025-08-25,2025-08-31
2025-09-01,2025,9,36,2025-36,2025-09-01,2025-09-07
2025-09-08,2025,9,37,2025-37,2025-09-08,2025-09-14
2025-09-15,2025,9,38,2025-38,2025-09-15,2025-09-21
2025-09-22,2025,9,39,2025-39,2025-09-22,2025-09-28
2025-09-29,2025,9,40,2025-40,2025-09-29,2025-10-05
2025-10-06,2025,10,41,2025-41,2025-10-06,2025-10-12
2025-10-13,2025,10,42,2025-42,2025-10-13,2025-10-19
2025-10-20,2025,10,43,2025-43,2025-10-20,2025-10-26
2025-10-27,2025,10,44,2025-44,2025-10-27,2025-11-02
2025-11-03,2025,11,45,2025-45,2025-11-03,2025-11-09
2025-11-10,2025,11,46,2025-46,2025-11-10,2025-11-16
2025-11-17,2025,11,47,2025-47,2025-11-17,2025-11-23
2025-11-24,2025,11,48,2025-48,2025-11-24,2025-11-30
2025-12-01,2025,12,49,2025-49,2025-12-01,2025-12-07
2025-12-08,2025,12,50,2025-50,2025-12-08,2025-12-14
2025-12-15,2025,12,51,2025-51,2025-12-15,2025-12-21
2025-12-22,2025,12,52,2025-52,2025-12-22,2025-12-28
2025-12-29,2025,12,1,2026-01,2025-12-29,2026-01-04
2026-01-05,2026,1,2,2026-02,2026-01-05,2026-01-11
2026-01-12,2026,1,3,2026-03,2026-01-12,2026-01-18
2026-01-19,2026,1,4,2026-04,2026-01-19,2026-01-25
2026-01-26,2026,1,5,2026-05,2026-01-26,2026-02-01
2026-02-02,2026,2,6,2026-06,2026-02-02,2026-02-08
2026-02-09,2026,2,7,2026-07,2026-02-09,2026-02-15
2026-02-16,2026,2,8,2026-08,2026-02-16,2026-02-22
2026-02-23,2026,2,9,2026-09,2026-02-23,2026-03-01
2026-03-02,2026,3,10,2026-10,2026-03-02,2026-03-08
2026-03-09,2026,3,11,2026-11,2026-03-09,2026-03-15
2026-03-16,2026,3,12,2026-12,2026-03-16,2026-03-22
2026-03-23,2026,3,13,2026-13,2026-03-23,2026-03-29
2026-03-30,2026,3,14,2026-14,2026-03-30,2026-04-05
2026-04-06,2026,4,15,2026-15,2026-04-06,2026-04-12
2026-04-13,2026,4,16,2026-16,2026-04-13,2026-04-19
2026-04-20,2026,4,17,2026-17,2026-04-20,2026-04-26
2026-04-27,2026,4,18,2026-18,2026-04-27,2026-05-03
2026-05-04,2026,5,19,2026-19,2026-05-04,2026-05-10
2026-05-11,2026,5,20,2026-20,2026-05-11,2026-05-17
2026-05-18,2026,5,21,2026-21,2026-05-18,2026-05-24
2026-05-25,2026,5,22,2026-22,2026-05-25,2026-05-31
2026-06-01,2026,6,23,2026-23,2026-06-01,2026-06-07
2026-06-08,2026,6,24,2026-24,2026-06-08,2026-06-14
2026-06-15,2026,6,25,2026-25,2026-06-15,2026-06-21
2026-06-22,2026,6,26,2026-26,2026-06-22,2026-06-28
2026-06-29,2026,6,27,2026-27,2026-06-29,2026-07-05
2026-07-06,2026,7,28,2026-28,2026-07-06,2026-07-12
2026-07-13,2026,7,29,2026-29,2026-07-13,2026-07-19
2026-07-20,2026,7,30,2026-30,2026-07-20,2026-07-26
2026-07-27,2026,7,31,2026-31,2026-07-27,2026-08-02
2026-08-03,2026,8,32,2026-32,2026-08-03,2026-08-09
2026-08-10,2026,8,33,2026-33,2026-08-10,2026-08-16
2026-08-17,2026,8,34,2026-34,2026-08-17,2026-08-23
2026-08-24,2026,8,35,2026-35,2026-08-24,2026-08-30
2026-08-31,2026,8,36,2026-36,2026-08-31,2026-09-06
2026-09-07,2026,9,37,2026-37,2026-09-07,2026-09-13
2026-09-14,2026,9,38,2026-38,2026-09-14,2026-09-20
2026-09-21,2026,9,39,2026-39,2026-09-21,2026-09-27
2026-09-28,2026,9,40,2026-40,2026-09-28,2026-10-04
